{
  "version": "7",
  "dialect": "mysql",
  "entries": [
    {
      "idx": 0,
      "version": "5",
      "when": 1765570061059,
      "tag": "0000_colossal_omega_flight",
      "breakpoints": true
    },
    {
      "idx": 1,
      "version": "5",
      "when": 1765570346571,
      "tag": "0001_chunky_madame_masque",
      "breakpoints": true
    },
    {
      "idx": 2,
      "version": "5",
      "when": 1765574176631,
      "tag": "0002_quick_thunderbird",
      "breakpoints": true
    },
    {
      "idx": 3,
      "version": "5",
      "when": 1765575292871,
      "tag": "0003_careful_leper_queen",
      "breakpoints": true
    },
    {
      "idx": 4,
      "version": "5",
      "when": 1765576702590,
      "tag": "0004_flawless_zzzax",
      "breakpoints": true
    },
    {
      "idx": 5,
      "version": "5",
      "when": 1765582706541,
      "tag": "0005_rapid_snowbird",
      "breakpoints": true
    },
    {
      "idx": 6,
      "version": "5",
      "when": 1765582948825,
      "tag": "0006_freezing_skin",
      "breakpoints": true
    },
    {
      "idx": 7,
      "version": "5",
      "when": 1765653274268,
      "tag": "0007_nervous_harpoon",
      "breakpoints": true
    }
  ]
}